{"cameraMode":{"drawMode":0,"name":"Shaded","section":"Shading Mode"},"sceneLighting":false,"audioPlay":false,"sceneViewState":{"showFog":true,"showMaterialUpdate":true,"showSkybox":false,"showFlares":true,"showImageEffects":true,"showParticleSystems":true},"in2DMode":false,"pivot":{"x":62.88999938964844,"y":2.6913323402404787,"z":5.0},"rotation":{"x":-0.0060820188373327259,"y":-0.9228025674819946,"z":0.38613009452819826,"w":-0.013811994343996048},"size":8.15748119354248,"orthographic":false}