{"cameraMode":{"drawMode":0,"name":"Shaded","section":"Shading Mode"},"sceneLighting":false,"audioPlay":false,"sceneViewState":{"showFog":true,"showMaterialUpdate":false,"showSkybox":false,"showFlares":true,"showImageEffects":true,"showParticleSystems":true},"in2DMode":false,"pivot":{"x":62.971221923828128,"y":2.1345834732055666,"z":2.6772289276123049},"rotation":{"x":-0.002902797656133771,"y":0.9836763143539429,"z":-0.1793137639760971,"w":-0.015935180708765985},"size":8.464052200317383,"orthographic":false}