{"cameraMode":{"drawMode":0,"name":"Shaded","section":"Shading Mode"},"sceneLighting":false,"audioPlay":false,"sceneViewState":{"showFog":true,"showMaterialUpdate":false,"showSkybox":false,"showFlares":true,"showImageEffects":true,"showParticleSystems":true},"in2DMode":false,"pivot":{"x":-0.562380313873291,"y":2.415536403656006,"z":1.4210352897644044},"rotation":{"x":0.12584123015403748,"y":-0.36704057455062868,"z":0.05018967390060425,"w":0.920286238193512},"size":7.2044525146484379,"orthographic":false}