{"cameraMode":{"drawMode":0,"name":"Shaded","section":"Shading Mode"},"sceneLighting":false,"audioPlay":false,"sceneViewState":{"showFog":true,"showMaterialUpdate":false,"showSkybox":false,"showFlares":true,"showImageEffects":true,"showParticleSystems":true},"in2DMode":false,"pivot":{"x":0.01317914854735136,"y":1.8914732933044434,"z":0.8309349417686462},"rotation":{"x":0.1892237514257431,"y":0.29134199023246767,"z":-0.05890531465411186,"w":0.935872495174408},"size":6.105470657348633,"orthographic":false}