{"cameraMode":{"drawMode":0,"name":"Shaded","section":"Shading Mode"},"sceneLighting":true,"audioPlay":false,"sceneViewState":{"showFog":true,"showMaterialUpdate":false,"showSkybox":false,"showFlares":true,"showImageEffects":true,"showParticleSystems":true},"in2DMode":false,"pivot":{"x":1.5226900577545167,"y":2.500871181488037,"z":0.13422435522079469},"rotation":{"x":-0.08438422530889511,"y":0.6786006093025208,"z":-0.07894095033407211,"w":-0.7253716588020325},"size":2.608736038208008,"orthographic":false}