{"cameraMode":{"drawMode":0,"name":"Shaded","section":"Shading Mode"},"sceneLighting":false,"audioPlay":false,"sceneViewState":{"showFog":true,"showMaterialUpdate":false,"showSkybox":false,"showFlares":true,"showImageEffects":true,"showParticleSystems":true},"in2DMode":false,"pivot":{"x":69.0364990234375,"y":3.925788640975952,"z":5.50518274307251},"rotation":{"x":0.04218975827097893,"y":0.9513223767280579,"z":-0.26513996720314028,"w":0.15137821435928346},"size":3.8787739276885988,"orthographic":false}