{"cameraMode":{"drawMode":0,"name":"Shaded","section":"Shading Mode"},"sceneLighting":false,"audioPlay":false,"sceneViewState":{"showFog":true,"showMaterialUpdate":false,"showSkybox":false,"showFlares":true,"showImageEffects":true,"showParticleSystems":true},"in2DMode":false,"pivot":{"x":63.16996383666992,"y":-1.6263742446899415,"z":4.517395496368408},"rotation":{"x":0.2896297574043274,"y":0.7066687941551209,"z":-0.49789831042289736,"w":0.41099223494529726},"size":9.95261001586914,"orthographic":false}