{"cameraMode":{"drawMode":0,"name":"Shaded","section":"Shading Mode"},"sceneLighting":false,"audioPlay":false,"sceneViewState":{"showFog":true,"showMaterialUpdate":false,"showSkybox":false,"showFlares":true,"showImageEffects":true,"showParticleSystems":true},"in2DMode":false,"pivot":{"x":61.91504669189453,"y":0.687472939491272,"z":0.9204302430152893},"rotation":{"x":-0.01889728382229805,"y":0.9574266076087952,"z":-0.28082430362701418,"w":-0.06443658471107483},"size":7.403896331787109,"orthographic":false}