{"cameraMode":{"drawMode":0,"name":"Shaded","section":"Shading Mode"},"sceneLighting":false,"audioPlay":false,"sceneViewState":{"showFog":true,"showMaterialUpdate":false,"showSkybox":false,"showFlares":true,"showImageEffects":true,"showParticleSystems":true},"in2DMode":false,"pivot":{"x":62.88203430175781,"y":3.7342233657836916,"z":4.603116035461426},"rotation":{"x":0.0003259826626162976,"y":0.983527421951294,"z":-0.18081015348434449,"w":0.0017710784450173379},"size":3.779968023300171,"orthographic":false}