{"cameraMode":{"drawMode":0,"name":"Shaded","section":"Shading Mode"},"sceneLighting":false,"audioPlay":false,"sceneViewState":{"showFog":true,"showMaterialUpdate":true,"showSkybox":false,"showFlares":true,"showImageEffects":true,"showParticleSystems":true},"in2DMode":false,"pivot":{"x":54.900001525878909,"y":0.0,"z":54.5099983215332},"rotation":{"x":0.4378233253955841,"y":-0.002205713652074337,"z":0.001201715786010027,"w":0.8994667530059815},"size":10.070444107055664,"orthographic":false}