{"cameraMode":{"drawMode":0,"name":"Shaded","section":"Shading Mode"},"sceneLighting":true,"audioPlay":false,"sceneViewState":{"showFog":true,"showMaterialUpdate":false,"showSkybox":false,"showFlares":true,"showImageEffects":true,"showParticleSystems":true},"in2DMode":false,"pivot":{"x":75.71361541748047,"y":2.0458507537841799,"z":9.044939041137696},"rotation":{"x":-0.25472694635391238,"y":-0.7050429582595825,"z":0.30602312088012698,"w":-0.5869048833847046},"size":4.344951152801514,"orthographic":false}