{"cameraMode":{"drawMode":0,"name":"Shaded","section":"Shading Mode"},"sceneLighting":false,"audioPlay":false,"sceneViewState":{"showFog":true,"showMaterialUpdate":false,"showSkybox":false,"showFlares":true,"showImageEffects":true,"showParticleSystems":true},"in2DMode":false,"pivot":{"x":62.88999938964844,"y":2.6913323402404787,"z":5.0},"rotation":{"x":-0.018731577321887018,"y":0.918552041053772,"z":-0.3924906849861145,"w":-0.043847400695085528},"size":8.626626014709473,"orthographic":false}