{"cameraMode":{"drawMode":0,"name":"Shaded","section":"Shading Mode"},"sceneLighting":false,"audioPlay":false,"sceneViewState":{"showFog":true,"showMaterialUpdate":false,"showSkybox":false,"showFlares":true,"showImageEffects":true,"showParticleSystems":true},"in2DMode":false,"pivot":{"x":55.0,"y":5.45250129699707,"z":14.999999046325684},"rotation":{"x":0.010298478417098523,"y":0.9653740525245667,"z":-0.25784316658973696,"w":0.03853634372353554},"size":27.827178955078126,"orthographic":false}