{"cameraMode":{"drawMode":0,"name":"Shaded","section":"Shading Mode"},"sceneLighting":false,"audioPlay":false,"sceneViewState":{"showFog":true,"showMaterialUpdate":false,"showSkybox":false,"showFlares":true,"showImageEffects":true,"showParticleSystems":true},"in2DMode":false,"pivot":{"x":55.44850540161133,"y":1.7210190296173096,"z":14.455798149108887},"rotation":{"x":-0.18519699573516847,"y":0.019748618826270105,"z":-0.003721840912476182,"w":-0.9825072884559631},"size":3.5947210788726808,"orthographic":false}