{"cameraMode":{"drawMode":0,"name":"Shaded","section":"Shading Mode"},"sceneLighting":false,"audioPlay":false,"sceneViewState":{"showFog":true,"showMaterialUpdate":true,"showSkybox":false,"showFlares":true,"showImageEffects":true,"showParticleSystems":true},"in2DMode":false,"pivot":{"x":64.8946762084961,"y":0.8051431179046631,"z":4.307429790496826},"rotation":{"x":-0.1834774613380432,"y":-0.7786641120910645,"z":0.2641619145870209,"w":-0.5395625829696655},"size":8.468323707580567,"orthographic":false}