{"cameraMode":{"drawMode":0,"name":"Shaded","section":"Shading Mode"},"sceneLighting":true,"audioPlay":false,"sceneViewState":{"showFog":true,"showMaterialUpdate":true,"showSkybox":true,"showFlares":true,"showImageEffects":true,"showParticleSystems":true},"in2DMode":false,"pivot":{"x":92.16996002197266,"y":56.989105224609378,"z":77.98580169677735},"rotation":{"x":-0.020543690770864488,"y":0.9727243185043335,"z":-0.2106974869966507,"w":-0.09484691917896271},"size":18.09832000732422,"orthographic":false}