{"cameraMode":{"drawMode":0,"name":"Shaded","section":"Shading Mode"},"sceneLighting":false,"audioPlay":false,"sceneViewState":{"showFog":true,"showMaterialUpdate":false,"showSkybox":false,"showFlares":true,"showImageEffects":true,"showParticleSystems":true},"in2DMode":false,"pivot":{"x":-3.550293207168579,"y":-0.4747861623764038,"z":0.8768486976623535},"rotation":{"x":0.2008829265832901,"y":-0.6323399543762207,"z":0.17459680140018464,"w":0.7275482416152954},"size":7.925107479095459,"orthographic":false}