{"cameraMode":{"drawMode":0,"name":"Shaded","section":"Shading Mode"},"sceneLighting":false,"audioPlay":false,"sceneViewState":{"showFog":true,"showMaterialUpdate":false,"showSkybox":false,"showFlares":true,"showImageEffects":true,"showParticleSystems":true},"in2DMode":false,"pivot":{"x":-0.37099790573120119,"y":1.1124134063720704,"z":-1.133894920349121},"rotation":{"x":0.08540515601634979,"y":-0.899245023727417,"z":0.3778766393661499,"w":0.2032555490732193},"size":61.759307861328128,"orthographic":false}