{"cameraMode":{"drawMode":0,"name":"Shaded","section":"Shading Mode"},"sceneLighting":false,"audioPlay":false,"sceneViewState":{"showFog":true,"showMaterialUpdate":false,"showSkybox":false,"showFlares":true,"showImageEffects":true,"showParticleSystems":true},"in2DMode":false,"pivot":{"x":1.643322229385376,"y":3.7119557857513429,"z":0.8009660243988037},"rotation":{"x":0.07039414346218109,"y":-0.9177911877632141,"z":0.3423181474208832,"w":0.18871308863162995},"size":3.7705233097076418,"orthographic":false}