{"cameraMode":{"drawMode":0,"name":"Shaded","section":"Shading Mode"},"sceneLighting":true,"audioPlay":false,"sceneViewState":{"showFog":true,"showMaterialUpdate":false,"showSkybox":false,"showFlares":true,"showImageEffects":true,"showParticleSystems":true},"in2DMode":false,"pivot":{"x":0.5472838878631592,"y":2.114501476287842,"z":-0.19251511991024018},"rotation":{"x":0.2433672994375229,"y":-0.6702121496200562,"z":0.24883291125297547,"w":0.6554948687553406},"size":10.211991310119629,"orthographic":false}