{"cameraMode":{"drawMode":0,"name":"Shaded","section":"Shading Mode"},"sceneLighting":false,"audioPlay":false,"sceneViewState":{"showFog":true,"showMaterialUpdate":false,"showSkybox":false,"showFlares":true,"showImageEffects":true,"showParticleSystems":true},"in2DMode":false,"pivot":{"x":-0.5747459530830383,"y":4.740975379943848,"z":0.5271037220954895},"rotation":{"x":0.2300833910703659,"y":-0.4179641306400299,"z":0.11029352992773056,"w":0.8719212412834168},"size":4.838625431060791,"orthographic":false}