{"cameraMode":{"drawMode":0,"name":"Shaded","section":"Shading Mode"},"sceneLighting":true,"audioPlay":false,"sceneViewState":{"showFog":true,"showMaterialUpdate":false,"showSkybox":false,"showFlares":true,"showImageEffects":true,"showParticleSystems":true},"in2DMode":false,"pivot":{"x":87.61231994628906,"y":-186.85890197753907,"z":100.68022918701172},"rotation":{"x":0.5311277508735657,"y":0.3276602625846863,"z":-0.23337499797344209,"w":0.7457075119018555},"size":296.0390625,"orthographic":false}