{"cameraMode":{"drawMode":0,"name":"Shaded","section":"Shading Mode"},"sceneLighting":false,"audioPlay":false,"sceneViewState":{"showFog":true,"showMaterialUpdate":true,"showSkybox":false,"showFlares":true,"showImageEffects":true,"showParticleSystems":true},"in2DMode":false,"pivot":{"x":60.41287612915039,"y":1.8450077772140504,"z":5.354963779449463},"rotation":{"x":-0.0756218358874321,"y":0.6345949769020081,"z":-0.06259287148714066,"w":-0.7666044235229492},"size":8.15748119354248,"orthographic":false}