{"cameraMode":{"drawMode":0,"name":"Shaded","section":"Shading Mode"},"sceneLighting":true,"audioPlay":false,"sceneViewState":{"showFog":true,"showMaterialUpdate":true,"showSkybox":true,"showFlares":true,"showImageEffects":true,"showParticleSystems":true},"in2DMode":false,"pivot":{"x":35.3157844543457,"y":43.27397155761719,"z":83.53279113769531},"rotation":{"x":-0.003162737935781479,"y":0.8983215093612671,"z":-0.4392794370651245,"w":-0.0064672911539673809},"size":22.0,"orthographic":false}