{"cameraMode":{"drawMode":0,"name":"Shaded","section":"Shading Mode"},"sceneLighting":false,"audioPlay":false,"sceneViewState":{"showFog":true,"showMaterialUpdate":false,"showSkybox":false,"showFlares":true,"showImageEffects":true,"showParticleSystems":true},"in2DMode":false,"pivot":{"x":55.22494125366211,"y":2.5460774898529054,"z":16.147003173828126},"rotation":{"x":0.0578654445707798,"y":-0.0014978095423430205,"z":0.00008507518941769376,"w":0.9983280301094055},"size":7.868017673492432,"orthographic":false}