{"cameraMode":{"drawMode":0,"name":"Shaded","section":"Shading Mode"},"sceneLighting":false,"audioPlay":false,"sceneViewState":{"showFog":true,"showMaterialUpdate":false,"showSkybox":false,"showFlares":true,"showImageEffects":true,"showParticleSystems":true},"in2DMode":false,"pivot":{"x":-3.8121795654296877,"y":-0.15394467115402223,"z":-0.07354448735713959},"rotation":{"x":0.18760272860527039,"y":-0.7014874815940857,"z":0.20005349814891816,"w":0.657829225063324},"size":8.891490936279297,"orthographic":false}