{"cameraMode":{"drawMode":0,"name":"Shaded","section":"Shading Mode"},"sceneLighting":false,"audioPlay":false,"sceneViewState":{"showFog":true,"showMaterialUpdate":false,"showSkybox":false,"showFlares":true,"showImageEffects":true,"showParticleSystems":true},"in2DMode":false,"pivot":{"x":0.0,"y":1.1499998569488526,"z":-2.384185791015625e-7},"rotation":{"x":0.028880177065730096,"y":0.9237782955169678,"z":-0.07109257578849793,"w":0.3751968443393707},"size":12.630078315734864,"orthographic":false}