{"cameraMode":{"drawMode":0,"name":"Shaded","section":"Shading Mode"},"sceneLighting":false,"audioPlay":false,"sceneViewState":{"showFog":true,"showMaterialUpdate":false,"showSkybox":false,"showFlares":true,"showImageEffects":true,"showParticleSystems":true},"in2DMode":false,"pivot":{"x":0.13839930295944215,"y":2.81561017036438,"z":0.40897107124328616},"rotation":{"x":-0.017233775928616525,"y":-0.6971081495285034,"z":0.016702624037861825,"w":-0.7166292667388916},"size":3.7705233097076418,"orthographic":false}