{"cameraMode":{"drawMode":0,"name":"Shaded","section":"Shading Mode"},"sceneLighting":true,"audioPlay":false,"sceneViewState":{"showFog":true,"showMaterialUpdate":false,"showSkybox":false,"showFlares":true,"showImageEffects":true,"showParticleSystems":true},"in2DMode":false,"pivot":{"x":-0.42030346393585207,"y":0.3363029658794403,"z":-0.6536439657211304},"rotation":{"x":0.019340071827173234,"y":0.8584817051887512,"z":-0.5114653706550598,"w":0.032469041645526889},"size":3.9232757091522219,"orthographic":false}