{"cameraMode":{"drawMode":0,"name":"Shaded","section":"Shading Mode"},"sceneLighting":true,"audioPlay":false,"sceneViewState":{"showFog":true,"showMaterialUpdate":false,"showSkybox":false,"showFlares":true,"showImageEffects":true,"showParticleSystems":true},"in2DMode":false,"pivot":{"x":38.51105499267578,"y":-0.012748763896524907,"z":8.641531944274903},"rotation":{"x":-0.06712555885314942,"y":0.9232831597328186,"z":-0.32744064927101138,"w":-0.1892736405134201},"size":21.013607025146486,"orthographic":false}