{"cameraMode":{"drawMode":0,"name":"Shaded","section":"Shading Mode"},"sceneLighting":false,"audioPlay":false,"sceneViewState":{"showFog":true,"showMaterialUpdate":false,"showSkybox":false,"showFlares":true,"showImageEffects":true,"showParticleSystems":true},"in2DMode":false,"pivot":{"x":62.94020080566406,"y":1.9784413576126099,"z":3.366182327270508},"rotation":{"x":0.0020053344778716566,"y":0.9825316071510315,"z":-0.18580131232738496,"w":0.010608570650219918},"size":10.929862976074219,"orthographic":false}