{"cameraMode":{"drawMode":0,"name":"Shaded","section":"Shading Mode"},"sceneLighting":true,"audioPlay":false,"sceneViewState":{"showFog":true,"showMaterialUpdate":false,"showSkybox":false,"showFlares":true,"showImageEffects":true,"showParticleSystems":true},"in2DMode":false,"pivot":{"x":86.66162109375,"y":-6.162237167358398,"z":-14.070268630981446},"rotation":{"x":0.04936148226261139,"y":0.9066115021705627,"z":-0.11069478839635849,"w":0.404213547706604},"size":49.386478424072269,"orthographic":false}