{"cameraMode":{"drawMode":0,"name":"Shaded","section":"Shading Mode"},"sceneLighting":true,"audioPlay":false,"sceneViewState":{"showFog":true,"showMaterialUpdate":false,"showSkybox":false,"showFlares":true,"showImageEffects":true,"showParticleSystems":true},"in2DMode":false,"pivot":{"x":23.7197322845459,"y":14.111995697021485,"z":6.7652740478515629},"rotation":{"x":0.30337706208229067,"y":0.07849501073360443,"z":-0.025075582787394525,"w":0.9493340849876404},"size":22.0,"orthographic":false}