{"cameraMode":{"drawMode":0,"name":"Shaded","section":"Shading Mode"},"sceneLighting":false,"audioPlay":false,"sceneViewState":{"showFog":true,"showMaterialUpdate":true,"showSkybox":false,"showFlares":true,"showImageEffects":true,"showParticleSystems":true},"in2DMode":false,"pivot":{"x":42.068115234375,"y":0.5769761204719544,"z":12.988409996032715},"rotation":{"x":-0.034347619861364368,"y":-0.9481403231620789,"z":0.29796934127807619,"w":-0.10920609533786774},"size":9.403594017028809,"orthographic":false}