{"cameraMode":{"drawMode":0,"name":"Shaded","section":"Shading Mode"},"sceneLighting":true,"audioPlay":false,"sceneViewState":{"showFog":true,"showMaterialUpdate":false,"showSkybox":false,"showFlares":true,"showImageEffects":true,"showParticleSystems":true},"in2DMode":false,"pivot":{"x":1.0717023611068726,"y":1.7559754848480225,"z":0.08952772617340088},"rotation":{"x":0.2263926863670349,"y":0.6521494388580322,"z":-0.21358506381511689,"w":0.6912567615509033},"size":8.772974967956543,"orthographic":false}