{"cameraMode":{"drawMode":0,"name":"Shaded","section":"Shading Mode"},"sceneLighting":true,"audioPlay":false,"sceneViewState":{"showFog":true,"showMaterialUpdate":false,"showSkybox":false,"showFlares":true,"showImageEffects":true,"showParticleSystems":true},"in2DMode":false,"pivot":{"x":26.190988540649415,"y":-23.43280792236328,"z":5.111324787139893},"rotation":{"x":0.0007603759877383709,"y":-0.9042096138000488,"z":0.4271318316459656,"w":0.0016221936093643308},"size":41.67730712890625,"orthographic":false}