{"cameraMode":{"drawMode":0,"name":"Shaded","section":"Shading Mode"},"sceneLighting":false,"audioPlay":false,"sceneViewState":{"showFog":true,"showMaterialUpdate":false,"showSkybox":false,"showFlares":true,"showImageEffects":true,"showParticleSystems":true},"in2DMode":false,"pivot":{"x":63.074100494384769,"y":2.0164737701416017,"z":4.1171956062316898},"rotation":{"x":0.010924634523689747,"y":0.9651975631713867,"z":-0.2581171691417694,"w":0.0408531054854393},"size":3.9694912433624269,"orthographic":false}