{"cameraMode":{"drawMode":0,"name":"Shaded","section":"Shading Mode"},"sceneLighting":true,"audioPlay":false,"sceneViewState":{"showFog":true,"showMaterialUpdate":false,"showSkybox":false,"showFlares":true,"showImageEffects":true,"showParticleSystems":true},"in2DMode":false,"pivot":{"x":39.09514236450195,"y":6.098204135894775,"z":0.11106228828430176},"rotation":{"x":0.0007953390013426542,"y":-0.9861132502555847,"z":0.1660364717245102,"w":0.0047248112969100479},"size":69.73004150390625,"orthographic":false}