{"cameraMode":{"drawMode":0,"name":"Shaded","section":"Shading Mode"},"sceneLighting":false,"audioPlay":false,"sceneViewState":{"showFog":true,"showMaterialUpdate":true,"showSkybox":false,"showFlares":true,"showImageEffects":true,"showParticleSystems":true},"in2DMode":false,"pivot":{"x":64.41148376464844,"y":2.054810047149658,"z":6.564189910888672},"rotation":{"x":-0.2218441367149353,"y":-0.656779944896698,"z":0.21069903671741486,"w":-0.6898729205131531},"size":8.281440734863282,"orthographic":false}