{"cameraMode":{"drawMode":0,"name":"Shaded","section":"Shading Mode"},"sceneLighting":true,"audioPlay":false,"sceneViewState":{"showFog":true,"showMaterialUpdate":true,"showSkybox":true,"showFlares":true,"showImageEffects":true,"showParticleSystems":true},"in2DMode":false,"pivot":{"x":36.91733169555664,"y":-12.769274711608887,"z":38.52066421508789},"rotation":{"x":-0.0021684954408556225,"y":-0.9504454731941223,"z":0.31288185715675356,"w":-0.011613568291068077},"size":72.0703353881836,"orthographic":false}