{"cameraMode":{"drawMode":0,"name":"Shaded","section":"Shading Mode"},"sceneLighting":true,"audioPlay":false,"sceneViewState":{"showFog":true,"showMaterialUpdate":false,"showSkybox":false,"showFlares":true,"showImageEffects":true,"showParticleSystems":true},"in2DMode":false,"pivot":{"x":4.766651153564453,"y":-7.281039237976074,"z":-2.2495083808898927},"rotation":{"x":0.2375296801328659,"y":0.7539796233177185,"z":-0.36311039328575137,"w":0.49323320388793948},"size":16.5932674407959,"orthographic":false}