{"cameraMode":{"drawMode":0,"name":"Shaded","section":"Shading Mode"},"sceneLighting":false,"audioPlay":false,"sceneViewState":{"showFog":true,"showMaterialUpdate":false,"showSkybox":false,"showFlares":true,"showImageEffects":true,"showParticleSystems":true},"in2DMode":false,"pivot":{"x":62.88999938964844,"y":3.7322421073913576,"z":4.780675888061523},"rotation":{"x":0.004663550760596991,"y":0.9605307579040527,"z":-0.27765902876853945,"w":0.016135649755597116},"size":4.334965705871582,"orthographic":false}