{"cameraMode":{"drawMode":0,"name":"Shaded","section":"Shading Mode"},"sceneLighting":true,"audioPlay":false,"sceneViewState":{"showFog":true,"showMaterialUpdate":true,"showSkybox":true,"showFlares":true,"showImageEffects":true,"showParticleSystems":true},"in2DMode":false,"pivot":{"x":35.27369689941406,"y":-39.19289779663086,"z":23.601686477661134},"rotation":{"x":0.0061592115089297298,"y":-0.887286365032196,"z":0.4611693024635315,"w":0.011358235031366349},"size":114.64936828613281,"orthographic":false}