{"cameraMode":{"drawMode":0,"name":"Shaded","section":"Shading Mode"},"sceneLighting":true,"audioPlay":false,"sceneViewState":{"showFog":true,"showMaterialUpdate":true,"showSkybox":true,"showFlares":true,"showImageEffects":true,"showParticleSystems":true},"in2DMode":false,"pivot":{"x":45.94937515258789,"y":49.132415771484378,"z":88.74556732177735},"rotation":{"x":-0.014891233295202256,"y":0.8647872805595398,"z":-0.5012600421905518,"w":-0.025690658017992975},"size":11.431534767150879,"orthographic":false}